{
  "bytes": 81129,
  "count_of_rows": 913,
  "datahub": {
    "created": "2017-11-09T00:43:21.239791",
    "findability": "published",
    "flowid": "core/gold-prices/122",
    "modified": "2020-04-27T00:00:40.686901",
    "owner": "core",
    "ownerid": "core"
  },
  "hash": "08ce5ad9e4b6d0252a8fced42ca32140",
  "homepage": "http://www.bundesbank.de",
  "id": "core/gold-prices",
  "licenses": [
    {
      "id": "odc-pddl",
      "name": "public_domain_dedication_and_license",
      "url": "http://opendatacommons.org/licenses/pddl/1.0/",
      "version": "1.0"
    }
  ],
  "name": "gold-prices",
  "profile": "data-package",
  "related": [
    {
      "formats": [
        "CSV",
        "JSON"
      ],
      "path": "/core/oil-prices",
      "publisher": "core",
      "title": "Oil prices"
    },
    {
      "formats": [
        "CSV",
        "JSON"
      ],
      "path": "/core/natural-gas",
      "publisher": "core",
      "title": "Natural gas"
    }
  ],
  "resources": [
    {
      "bytes": 1190,
      "count_of_rows": 70,
      "datahub": {
        "type": "original"
      },
      "dialect": {
        "caseSensitiveHeader": false,
        "delimiter": ",",
        "doubleQuote": true,
        "header": true,
        "lineTerminator": "\r\n",
        "quoteChar": "\"",
        "skipInitialSpace": false
      },
      "dpp:streamedFrom": "https://s3.amazonaws.com/rawstore.datahub.io/980c0fe1ee307dd7c0c8ea0311222668.csv",
      "encoding": "ISO-8859-2",
      "format": "csv",
      "hash": "a3e47e04d4fb1eb321f7c934b2002561",
      "mediatype": "text/csv",
      "name": "annual_original",
      "path": "archive/annual.csv",
      "pathType": "local",
      "profile": "tabular-data-resource",
      "schema": {
        "fields": [
          {
            "format": "default",
            "name": "Date",
            "type": "yearmonth"
          },
          {
            "decimalChar": ".",
            "format": "default",
            "groupChar": "",
            "name": "Price",
            "type": "number"
          }
        ],
        "missingValues": [
          ""
        ]
      }
    },
    {
      "bytes": 14187,
      "count_of_rows": 843,
      "datahub": {
        "type": "original"
      },
      "dialect": {
        "caseSensitiveHeader": false,
        "delimiter": ",",
        "doubleQuote": true,
        "header": true,
        "lineTerminator": "\r\n",
        "quoteChar": "\"",
        "skipInitialSpace": false
      },
      "dpp:streamedFrom": "https://s3.amazonaws.com/rawstore.datahub.io/0f185219af4dfbf6af9806d05336e06b.csv",
      "encoding": "ISO-8859-2",
      "format": "csv",
      "hash": "ebbf06a8db8514e5218f90b9185158e8",
      "mediatype": "text/csv",
      "name": "monthly_original",
      "path": "archive/monthly.csv",
      "pathType": "local",
      "profile": "tabular-data-resource",
      "schema": {
        "fields": [
          {
            "format": "default",
            "name": "Date",
            "type": "yearmonth"
          },
          {
            "decimalChar": ".",
            "format": "default",
            "groupChar": "",
            "name": "Price",
            "type": "number"
          }
        ],
        "missingValues": [
          ""
        ]
      }
    },
    {
      "bytes": 862,
      "datahub": {
        "type": "derived/report"
      },
      "description": "Validation report for tabular data",
      "dpp:streamedFrom": "/tmp/tmpwbax9oop/core/gold-prices/validation_report/data/c70c717554b2b7c3d6625c1684dd5e33/validation_report.json",
      "format": "json",
      "hash": "c70c717554b2b7c3d6625c1684dd5e33",
      "name": "validation_report",
      "path": "data/validation_report.json",
      "profile": "data-resource"
    },
    {
      "bytes": 1190,
      "count_of_rows": 70,
      "datahub": {
        "derivedFrom": [
          "annual"
        ],
        "type": "derived/csv"
      },
      "delimiter": ",",
      "dialect": {
        "caseSensitiveHeader": false,
        "delimiter": ",",
        "doubleQuote": true,
        "header": true,
        "lineTerminator": "\r\n",
        "quoteChar": "\"",
        "skipInitialSpace": false
      },
      "dpp:streamedFrom": "/tmp/tmpwbax9oop/core/gold-prices/annual_csv/data/a3e47e04d4fb1eb321f7c934b2002561/annual_csv.csv",
      "encoding": "utf-8",
      "format": "csv",
      "hash": "a3e47e04d4fb1eb321f7c934b2002561",
      "mediatype": "text/csv",
      "name": "annual_csv",
      "path": "data/annual_csv.csv",
      "pathType": "local",
      "profile": "tabular-data-resource",
      "quotechar": "\"",
      "rowcount": 70,
      "schema": {
        "fields": [
          {
            "format": "default",
            "name": "Date",
            "type": "yearmonth"
          },
          {
            "decimalChar": ".",
            "format": "default",
            "groupChar": "",
            "name": "Price",
            "type": "number"
          }
        ],
        "missingValues": [
          ""
        ]
      },
      "signed": true
    },
    {
      "bytes": 14187,
      "count_of_rows": 843,
      "datahub": {
        "derivedFrom": [
          "monthly"
        ],
        "type": "derived/csv"
      },
      "delimiter": ",",
      "dialect": {
        "caseSensitiveHeader": false,
        "delimiter": ",",
        "doubleQuote": true,
        "header": true,
        "lineTerminator": "\r\n",
        "quoteChar": "\"",
        "skipInitialSpace": false
      },
      "dpp:streamedFrom": "/tmp/tmpwbax9oop/core/gold-prices/monthly_csv/data/ebbf06a8db8514e5218f90b9185158e8/monthly_csv.csv",
      "encoding": "utf-8",
      "format": "csv",
      "hash": "ebbf06a8db8514e5218f90b9185158e8",
      "mediatype": "text/csv",
      "name": "monthly_csv",
      "path": "data/monthly_csv.csv",
      "pathType": "local",
      "profile": "tabular-data-resource",
      "quotechar": "\"",
      "rowcount": 843,
      "schema": {
        "fields": [
          {
            "format": "default",
            "name": "Date",
            "type": "yearmonth"
          },
          {
            "decimalChar": ".",
            "format": "default",
            "groupChar": "",
            "name": "Price",
            "type": "number"
          }
        ],
        "missingValues": [
          ""
        ]
      },
      "signed": true
    },
    {
      "bytes": 2623,
      "count_of_rows": 70,
      "datahub": {
        "derivedFrom": [
          "annual"
        ],
        "type": "derived/json"
      },
      "delimiter": ",",
      "dialect": {
        "caseSensitiveHeader": false,
        "delimiter": ",",
        "doubleQuote": true,
        "header": true,
        "lineTerminator": "\r\n",
        "quoteChar": "\"",
        "skipInitialSpace": false
      },
      "dpp:streamedFrom": "/tmp/tmpwbax9oop/core/gold-prices/annual_json/data/5c28a0c1f31afd9904833df9fa908d7d/annual_json.json",
      "encoding": "utf-8",
      "format": "json",
      "hash": "5c28a0c1f31afd9904833df9fa908d7d",
      "mediatype": "text/csv",
      "name": "annual_json",
      "path": "data/annual_json.json",
      "pathType": "local",
      "profile": "tabular-data-resource",
      "quotechar": "\"",
      "rowcount": 70,
      "schema": {
        "fields": [
          {
            "format": "default",
            "name": "Date",
            "type": "yearmonth"
          },
          {
            "decimalChar": ".",
            "format": "default",
            "groupChar": "",
            "name": "Price",
            "type": "number"
          }
        ],
        "missingValues": [
          ""
        ]
      },
      "signed": true
    },
    {
      "bytes": 31513,
      "count_of_rows": 843,
      "datahub": {
        "derivedFrom": [
          "monthly"
        ],
        "type": "derived/json"
      },
      "delimiter": ",",
      "dialect": {
        "caseSensitiveHeader": false,
        "delimiter": ",",
        "doubleQuote": true,
        "header": true,
        "lineTerminator": "\r\n",
        "quoteChar": "\"",
        "skipInitialSpace": false
      },
      "dpp:streamedFrom": "/tmp/tmpwbax9oop/core/gold-prices/monthly_json/data/731e63ef17929fceac8cbae1e3fa48cb/monthly_json.json",
      "encoding": "utf-8",
      "format": "json",
      "hash": "731e63ef17929fceac8cbae1e3fa48cb",
      "mediatype": "text/csv",
      "name": "monthly_json",
      "path": "data/monthly_json.json",
      "pathType": "local",
      "profile": "tabular-data-resource",
      "quotechar": "\"",
      "rowcount": 843,
      "schema": {
        "fields": [
          {
            "format": "default",
            "name": "Date",
            "type": "yearmonth"
          },
          {
            "decimalChar": ".",
            "format": "default",
            "groupChar": "",
            "name": "Price",
            "type": "number"
          }
        ],
        "missingValues": [
          ""
        ]
      },
      "signed": true
    }
  ],
  "sources": [
    {
      "name": "bundesbank-gold-prices",
      "path": "'http://www.bundesbank.de/cae/servlet/StatisticDownload?tsId=BBEX3.M.XAU.USD.EA.AC.C06&its_csvFormat=en&its_fileFormat=csv&mode=its'",
      "title": "Bundesbank gold prices"
    }
  ],
  "title": "Gold Prices",
  "version": "0.2.0",
  "views": [
    {
      "name": "graph",
      "spec": {
        "group": "Date",
        "series": [
          "Price"
        ],
        "type": "lines-and-points"
      },
      "specType": "simple",
      "title": "Gold Prices (Monthly in USD)"
    }
  ]
}