[{"Date": "1950-12", "Price": 34.72},{"Date": "1951-12", "Price": 34.66},{"Date": "1952-12", "Price": 34.79},{"Date": "1953-12", "Price": 34.85},{"Date": "1954-12", "Price": 35.04},{"Date": "1955-12", "Price": 34.97},{"Date": "1956-12", "Price": 34.9},{"Date": "1957-12", "Price": 34.99},{"Date": "1958-12", "Price": 35.09},{"Date": "1959-12", "Price": 35.05},{"Date": "1960-12", "Price": 35.54},{"Date": "1961-12", "Price": 35.15},{"Date": "1962-12", "Price": 35.08},{"Date": "1963-12", "Price": 35.08},{"Date": "1964-12", "Price": 35.12},{"Date": "1965-12", "Price": 35.13},{"Date": "1966-12", "Price": 35.18},{"Date": "1967-12", "Price": 35.19},{"Date": "1968-12", "Price": 41.113},{"Date": "1969-12", "Price": 35.189},{"Date": "1970-12", "Price": 37.434},{"Date": "1971-12", "Price": 43.455},{"Date": "1972-12", "Price": 63.779},{"Date": "1973-12", "Price": 106.236},{"Date": "1974-12", "Price": 183.683},{"Date": "1975-12", "Price": 139.279},{"Date": "1976-12", "Price": 133.674},{"Date": "1977-12", "Price": 160.48},{"Date": "1978-12", "Price": 207.895},{"Date": "1979-12", "Price": 463.666},{"Date": "1980-12", "Price": 596.712},{"Date": "1981-12", "Price": 410.119},{"Date": "1982-12", "Price": 444.776},{"Date": "1983-12", "Price": 388.06},{"Date": "1984-12", "Price": 319.622},{"Date": "1985-12", "Price": 321.985},{"Date": "1986-12", "Price": 391.595},{"Date": "1987-12", "Price": 487.079},{"Date": "1988-12", "Price": 419.248},{"Date": "1989-12", "Price": 409.655},{"Date": "1990-12", "Price": 378.161},{"Date": "1991-12", "Price": 361.875},{"Date": "1992-12", "Price": 334.657},{"Date": "1993-12", "Price": 383.243},{"Date": "1994-12", "Price": 379.48},{"Date": "1995-12", "Price": 387.445},{"Date": "1996-12", "Price": 369.338},{"Date": "1997-12", "Price": 288.776},{"Date": "1998-12", "Price": 291.357},{"Date": "1999-12", "Price": 283.743},{"Date": "2000-12", "Price": 271.892},{"Date": "2001-12", "Price": 275.992},{"Date": "2002-12", "Price": 333.3},{"Date": "2003-12", "Price": 407.674},{"Date": "2004-12", "Price": 442.974},{"Date": "2005-12", "Price": 509.423},{"Date": "2006-12", "Price": 629.513},{"Date": "2007-12", "Price": 803.618},{"Date": "2008-12", "Price": 819.94},{"Date": "2009-12", "Price": 1135.012},{"Date": "2010-12", "Price": 1393.512},{"Date": "2011-12", "Price": 1652.725},{"Date": "2012-12", "Price": 1687.342},{"Date": "2013-12", "Price": 1221.588},{"Date": "2014-12", "Price": 1200.44},{"Date": "2015-12", "Price": 1068.317},{"Date": "2016-12", "Price": 1152.165},{"Date": "2017-12", "Price": 1265.674},{"Date": "2018-12", "Price": 1249.887},{"Date": "2019-12", "Price": 1480.025}]