[{"Date": "1950-01", "Price": 34.73},{"Date": "1950-02", "Price": 34.73},{"Date": "1950-03", "Price": 34.73},{"Date": "1950-04", "Price": 34.73},{"Date": "1950-05", "Price": 34.73},{"Date": "1950-06", "Price": 34.73},{"Date": "1950-07", "Price": 34.73},{"Date": "1950-08", "Price": 34.73},{"Date": "1950-09", "Price": 34.73},{"Date": "1950-10", "Price": 34.73},{"Date": "1950-11", "Price": 34.73},{"Date": "1950-12", "Price": 34.72},{"Date": "1951-01", "Price": 34.72},{"Date": "1951-02", "Price": 34.73},{"Date": "1951-03", "Price": 34.73},{"Date": "1951-04", "Price": 34.73},{"Date": "1951-05", "Price": 34.73},{"Date": "1951-06", "Price": 34.73},{"Date": "1951-07", "Price": 34.72},{"Date": "1951-08", "Price": 34.71},{"Date": "1951-09", "Price": 34.71},{"Date": "1951-10", "Price": 34.71},{"Date": "1951-11", "Price": 34.73},{"Date": "1951-12", "Price": 34.66},{"Date": "1952-01", "Price": 34.49},{"Date": "1952-02", "Price": 34.49},{"Date": "1952-03", "Price": 34.68},{"Date": "1952-04", "Price": 34.82},{"Date": "1952-05", "Price": 34.73},{"Date": "1952-06", "Price": 34.53},{"Date": "1952-07", "Price": 34.57},{"Date": "1952-08", "Price": 34.58},{"Date": "1952-09", "Price": 34.51},{"Date": "1952-10", "Price": 34.63},{"Date": "1952-11", "Price": 34.72},{"Date": "1952-12", "Price": 34.79},{"Date": "1953-01", "Price": 34.88},{"Date": "1953-02", "Price": 34.95},{"Date": "1953-03", "Price": 34.92},{"Date": "1953-04", "Price": 34.93},{"Date": "1953-05", "Price": 34.9},{"Date": "1953-06", "Price": 34.89},{"Date": "1953-07", "Price": 34.91},{"Date": "1953-08", "Price": 34.91},{"Date": "1953-09", "Price": 34.76},{"Date": "1953-10", "Price": 34.79},{"Date": "1953-11", "Price": 34.86},{"Date": "1953-12", "Price": 34.85},{"Date": "1954-01", "Price": 34.86},{"Date": "1954-02", "Price": 34.88},{"Date": "1954-03", "Price": 34.92},{"Date": "1954-04", "Price": 35.04},{"Date": "1954-05", "Price": 35.08},{"Date": "1954-06", "Price": 35.07},{"Date": "1954-07", "Price": 35.08},{"Date": "1954-08", "Price": 35.05},{"Date": "1954-09", "Price": 35.08},{"Date": "1954-10", "Price": 35.08},{"Date": "1954-11", "Price": 35.06},{"Date": "1954-12", "Price": 35.04},{"Date": "1955-01", "Price": 35.04},{"Date": "1955-02", "Price": 35.05},{"Date": "1955-03", "Price": 35.06},{"Date": "1955-04", "Price": 35.05},{"Date": "1955-05", "Price": 35.05},{"Date": "1955-06", "Price": 35.04},{"Date": "1955-07", "Price": 35.05},{"Date": "1955-08", "Price": 35.03},{"Date": "1955-09", "Price": 34.98},{"Date": "1955-10", "Price": 34.98},{"Date": "1955-11", "Price": 34.98},{"Date": "1955-12", "Price": 34.97},{"Date": "1956-01", "Price": 34.99},{"Date": "1956-02", "Price": 34.99},{"Date": "1956-03", "Price": 34.99},{"Date": "1956-04", "Price": 34.98},{"Date": "1956-05", "Price": 34.99},{"Date": "1956-06", "Price": 34.98},{"Date": "1956-07", "Price": 35.0},{"Date": "1956-08", "Price": 35.02},{"Date": "1956-09", "Price": 35.01},{"Date": "1956-10", "Price": 35.02},{"Date": "1956-11", "Price": 34.98},{"Date": "1956-12", "Price": 34.9},{"Date": "1957-01", "Price": 34.88},{"Date": "1957-02", "Price": 34.89},{"Date": "1957-03", "Price": 34.91},{"Date": "1957-04", "Price": 34.92},{"Date": "1957-05", "Price": 34.93},{"Date": "1957-06", "Price": 34.99},{"Date": "1957-07", "Price": 34.99},{"Date": "1957-08", "Price": 34.97},{"Date": "1957-09", "Price": 34.96},{"Date": "1957-10", "Price": 34.97},{"Date": "1957-11", "Price": 34.97},{"Date": "1957-12", "Price": 34.99},{"Date": "1958-01", "Price": 35.01},{"Date": "1958-02", "Price": 35.08},{"Date": "1958-03", "Price": 35.09},{"Date": "1958-04", "Price": 35.1},{"Date": "1958-05", "Price": 35.11},{"Date": "1958-06", "Price": 35.1},{"Date": "1958-07", "Price": 35.11},{"Date": "1958-08", "Price": 35.1},{"Date": "1958-09", "Price": 35.1},{"Date": "1958-10", "Price": 35.11},{"Date": "1958-11", "Price": 35.1},{"Date": "1958-12", "Price": 35.09},{"Date": "1959-01", "Price": 35.07},{"Date": "1959-02", "Price": 35.06},{"Date": "1959-03", "Price": 35.06},{"Date": "1959-04", "Price": 35.08},{"Date": "1959-05", "Price": 35.12},{"Date": "1959-06", "Price": 35.12},{"Date": "1959-07", "Price": 35.13},{"Date": "1959-08", "Price": 35.12},{"Date": "1959-09", "Price": 35.13},{"Date": "1959-10", "Price": 35.1},{"Date": "1959-11", "Price": 35.06},{"Date": "1959-12", "Price": 35.05},{"Date": "1960-01", "Price": 35.09},{"Date": "1960-02", "Price": 35.09},{"Date": "1960-03", "Price": 35.09},{"Date": "1960-04", "Price": 35.11},{"Date": "1960-05", "Price": 35.1},{"Date": "1960-06", "Price": 35.09},{"Date": "1960-07", "Price": 35.1},{"Date": "1960-08", "Price": 35.13},{"Date": "1960-09", "Price": 35.22},{"Date": "1960-10", "Price": 35.78},{"Date": "1960-11", "Price": 35.82},{"Date": "1960-12", "Price": 35.54},{"Date": "1961-01", "Price": 35.56},{"Date": "1961-02", "Price": 35.17},{"Date": "1961-03", "Price": 35.08},{"Date": "1961-04", "Price": 35.08},{"Date": "1961-05", "Price": 35.06},{"Date": "1961-06", "Price": 35.07},{"Date": "1961-07", "Price": 35.11},{"Date": "1961-08", "Price": 35.16},{"Date": "1961-09", "Price": 35.19},{"Date": "1961-10", "Price": 35.19},{"Date": "1961-11", "Price": 35.19},{"Date": "1961-12", "Price": 35.15},{"Date": "1962-01", "Price": 35.16},{"Date": "1962-02", "Price": 35.13},{"Date": "1962-03", "Price": 35.09},{"Date": "1962-04", "Price": 35.08},{"Date": "1962-05", "Price": 35.08},{"Date": "1962-06", "Price": 35.1},{"Date": "1962-07", "Price": 35.12},{"Date": "1962-08", "Price": 35.12},{"Date": "1962-09", "Price": 35.13},{"Date": "1962-10", "Price": 35.14},{"Date": "1962-11", "Price": 35.09},{"Date": "1962-12", "Price": 35.08},{"Date": "1963-01", "Price": 35.06},{"Date": "1963-02", "Price": 35.08},{"Date": "1963-03", "Price": 35.1},{"Date": "1963-04", "Price": 35.1},{"Date": "1963-05", "Price": 35.08},{"Date": "1963-06", "Price": 35.08},{"Date": "1963-07", "Price": 35.09},{"Date": "1963-08", "Price": 35.1},{"Date": "1963-09", "Price": 35.08},{"Date": "1963-10", "Price": 35.08},{"Date": "1963-11", "Price": 35.08},{"Date": "1963-12", "Price": 35.08},{"Date": "1964-01", "Price": 35.08},{"Date": "1964-02", "Price": 35.08},{"Date": "1964-03", "Price": 35.08},{"Date": "1964-04", "Price": 35.08},{"Date": "1964-05", "Price": 35.08},{"Date": "1964-06", "Price": 35.08},{"Date": "1964-07", "Price": 35.08},{"Date": "1964-08", "Price": 35.08},{"Date": "1964-09", "Price": 35.09},{"Date": "1964-10", "Price": 35.11},{"Date": "1964-11", "Price": 35.1},{"Date": "1964-12", "Price": 35.12},{"Date": "1965-01", "Price": 35.13},{"Date": "1965-02", "Price": 35.14},{"Date": "1965-03", "Price": 35.16},{"Date": "1965-04", "Price": 35.14},{"Date": "1965-05", "Price": 35.1},{"Date": "1965-06", "Price": 35.1},{"Date": "1965-07", "Price": 35.12},{"Date": "1965-08", "Price": 35.15},{"Date": "1965-09", "Price": 35.14},{"Date": "1965-10", "Price": 35.11},{"Date": "1965-11", "Price": 35.11},{"Date": "1965-12", "Price": 35.13},{"Date": "1966-01", "Price": 35.15},{"Date": "1966-02", "Price": 35.17},{"Date": "1966-03", "Price": 35.15},{"Date": "1966-04", "Price": 35.13},{"Date": "1966-05", "Price": 35.12},{"Date": "1966-06", "Price": 35.15},{"Date": "1966-07", "Price": 35.18},{"Date": "1966-08", "Price": 35.18},{"Date": "1966-09", "Price": 35.19},{"Date": "1966-10", "Price": 35.16},{"Date": "1966-11", "Price": 35.16},{"Date": "1966-12", "Price": 35.18},{"Date": "1967-01", "Price": 35.18},{"Date": "1967-02", "Price": 35.17},{"Date": "1967-03", "Price": 35.16},{"Date": "1967-04", "Price": 35.17},{"Date": "1967-05", "Price": 35.18},{"Date": "1967-06", "Price": 35.19},{"Date": "1967-07", "Price": 35.19},{"Date": "1967-08", "Price": 35.19},{"Date": "1967-09", "Price": 35.19},{"Date": "1967-10", "Price": 35.19},{"Date": "1967-11", "Price": 35.2},{"Date": "1967-12", "Price": 35.19},{"Date": "1968-01", "Price": 35.18},{"Date": "1968-02", "Price": 35.2},{"Date": "1968-03", "Price": 35.2},{"Date": "1968-04", "Price": 37.878},{"Date": "1968-05", "Price": 40.691},{"Date": "1968-06", "Price": 41.111},{"Date": "1968-07", "Price": 39.53},{"Date": "1968-08", "Price": 39.17},{"Date": "1968-09", "Price": 40.203},{"Date": "1968-10", "Price": 39.21},{"Date": "1968-11", "Price": 39.795},{"Date": "1968-12", "Price": 41.113},{"Date": "1969-01", "Price": 42.291},{"Date": "1969-02", "Price": 42.616},{"Date": "1969-03", "Price": 43.171},{"Date": "1969-04", "Price": 43.295},{"Date": "1969-05", "Price": 43.461},{"Date": "1969-06", "Price": 41.442},{"Date": "1969-07", "Price": 41.755},{"Date": "1969-08", "Price": 41.128},{"Date": "1969-09", "Price": 40.865},{"Date": "1969-10", "Price": 40.476},{"Date": "1969-11", "Price": 37.452},{"Date": "1969-12", "Price": 35.189},{"Date": "1970-01", "Price": 34.946},{"Date": "1970-02", "Price": 34.994},{"Date": "1970-03", "Price": 35.089},{"Date": "1970-04", "Price": 35.623},{"Date": "1970-05", "Price": 35.958},{"Date": "1970-06", "Price": 35.437},{"Date": "1970-07", "Price": 35.329},{"Date": "1970-08", "Price": 35.377},{"Date": "1970-09", "Price": 36.196},{"Date": "1970-10", "Price": 37.553},{"Date": "1970-11", "Price": 37.455},{"Date": "1970-12", "Price": 37.434},{"Date": "1971-01", "Price": 37.868},{"Date": "1971-02", "Price": 38.716},{"Date": "1971-03", "Price": 38.873},{"Date": "1971-04", "Price": 39.001},{"Date": "1971-05", "Price": 40.493},{"Date": "1971-06", "Price": 40.105},{"Date": "1971-07", "Price": 40.929},{"Date": "1971-08", "Price": 42.722},{"Date": "1971-09", "Price": 41.976},{"Date": "1971-10", "Price": 42.473},{"Date": "1971-11", "Price": 42.842},{"Date": "1971-12", "Price": 43.455},{"Date": "1972-01", "Price": 45.64},{"Date": "1972-02", "Price": 48.237},{"Date": "1972-03", "Price": 48.288},{"Date": "1972-04", "Price": 49.026},{"Date": "1972-05", "Price": 54.5},{"Date": "1972-06", "Price": 62.17},{"Date": "1972-07", "Price": 65.558},{"Date": "1972-08", "Price": 66.917},{"Date": "1972-09", "Price": 65.589},{"Date": "1972-10", "Price": 64.824},{"Date": "1972-11", "Price": 62.726},{"Date": "1972-12", "Price": 63.779},{"Date": "1973-01", "Price": 65.127},{"Date": "1973-02", "Price": 73.971},{"Date": "1973-03", "Price": 84.105},{"Date": "1973-04", "Price": 90.441},{"Date": "1973-05", "Price": 101.623},{"Date": "1973-06", "Price": 119.8},{"Date": "1973-07", "Price": 120.364},{"Date": "1973-08", "Price": 106.225},{"Date": "1973-09", "Price": 103.034},{"Date": "1973-10", "Price": 99.923},{"Date": "1973-11", "Price": 94.645},{"Date": "1973-12", "Price": 106.236},{"Date": "1974-01", "Price": 129.027},{"Date": "1974-02", "Price": 150.0},{"Date": "1974-03", "Price": 168.298},{"Date": "1974-04", "Price": 172.243},{"Date": "1974-05", "Price": 163.568},{"Date": "1974-06", "Price": 154.013},{"Date": "1974-07", "Price": 142.283},{"Date": "1974-08", "Price": 154.362},{"Date": "1974-09", "Price": 151.66},{"Date": "1974-10", "Price": 158.533},{"Date": "1974-11", "Price": 181.483},{"Date": "1974-12", "Price": 183.683},{"Date": "1975-01", "Price": 176.864},{"Date": "1975-02", "Price": 179.553},{"Date": "1975-03", "Price": 178.203},{"Date": "1975-04", "Price": 170.066},{"Date": "1975-05", "Price": 167.293},{"Date": "1975-06", "Price": 164.25},{"Date": "1975-07", "Price": 164.867},{"Date": "1975-08", "Price": 163.168},{"Date": "1975-09", "Price": 144.311},{"Date": "1975-10", "Price": 142.691},{"Date": "1975-11", "Price": 142.565},{"Date": "1975-12", "Price": 139.279},{"Date": "1976-01", "Price": 131.695},{"Date": "1976-02", "Price": 130.94},{"Date": "1976-03", "Price": 132.676},{"Date": "1976-04", "Price": 127.91},{"Date": "1976-05", "Price": 126.913},{"Date": "1976-06", "Price": 125.684},{"Date": "1976-07", "Price": 117.866},{"Date": "1976-08", "Price": 110.055},{"Date": "1976-09", "Price": 114.098},{"Date": "1976-10", "Price": 116.095},{"Date": "1976-11", "Price": 130.341},{"Date": "1976-12", "Price": 133.674},{"Date": "1977-01", "Price": 132.306},{"Date": "1977-02", "Price": 136.163},{"Date": "1977-03", "Price": 148.339},{"Date": "1977-04", "Price": 149.184},{"Date": "1977-05", "Price": 146.536},{"Date": "1977-06", "Price": 140.828},{"Date": "1977-07", "Price": 143.383},{"Date": "1977-08", "Price": 145.009},{"Date": "1977-09", "Price": 149.334},{"Date": "1977-10", "Price": 158.848},{"Date": "1977-11", "Price": 162.132},{"Date": "1977-12", "Price": 160.48},{"Date": "1978-01", "Price": 173.207},{"Date": "1978-02", "Price": 178.36},{"Date": "1978-03", "Price": 183.771},{"Date": "1978-04", "Price": 175.323},{"Date": "1978-05", "Price": 176.19},{"Date": "1978-06", "Price": 183.761},{"Date": "1978-07", "Price": 188.569},{"Date": "1978-08", "Price": 206.455},{"Date": "1978-09", "Price": 212.212},{"Date": "1978-10", "Price": 227.432},{"Date": "1978-11", "Price": 207.082},{"Date": "1978-12", "Price": 207.895},{"Date": "1979-01", "Price": 226.986},{"Date": "1979-02", "Price": 245.59},{"Date": "1979-03", "Price": 242.348},{"Date": "1979-04", "Price": 239.174},{"Date": "1979-05", "Price": 257.738},{"Date": "1979-06", "Price": 279.36},{"Date": "1979-07", "Price": 295.009},{"Date": "1979-08", "Price": 300.793},{"Date": "1979-09", "Price": 354.498},{"Date": "1979-10", "Price": 390.959},{"Date": "1979-11", "Price": 391.518},{"Date": "1979-12", "Price": 463.666},{"Date": "1980-01", "Price": 674.58},{"Date": "1980-02", "Price": 665.893},{"Date": "1980-03", "Price": 554.276},{"Date": "1980-04", "Price": 516.71},{"Date": "1980-05", "Price": 514.268},{"Date": "1980-06", "Price": 600.786},{"Date": "1980-07", "Price": 645.75},{"Date": "1980-08", "Price": 626.36},{"Date": "1980-09", "Price": 673.941},{"Date": "1980-10", "Price": 662.27},{"Date": "1980-11", "Price": 623.875},{"Date": "1980-12", "Price": 596.712},{"Date": "1981-01", "Price": 557.813},{"Date": "1981-02", "Price": 500.8},{"Date": "1981-03", "Price": 499.693},{"Date": "1981-04", "Price": 496.625},{"Date": "1981-05", "Price": 480.316},{"Date": "1981-06", "Price": 460.5},{"Date": "1981-07", "Price": 409.284},{"Date": "1981-08", "Price": 410.24},{"Date": "1981-09", "Price": 443.773},{"Date": "1981-10", "Price": 437.68},{"Date": "1981-11", "Price": 413.405},{"Date": "1981-12", "Price": 410.119},{"Date": "1982-01", "Price": 384.163},{"Date": "1982-02", "Price": 374.458},{"Date": "1982-03", "Price": 330.413},{"Date": "1982-04", "Price": 350.335},{"Date": "1982-05", "Price": 334.505},{"Date": "1982-06", "Price": 314.961},{"Date": "1982-07", "Price": 337.895},{"Date": "1982-08", "Price": 363.413},{"Date": "1982-09", "Price": 438.15},{"Date": "1982-10", "Price": 422.786},{"Date": "1982-11", "Price": 415.114},{"Date": "1982-12", "Price": 444.776},{"Date": "1983-01", "Price": 481.838},{"Date": "1983-02", "Price": 493.488},{"Date": "1983-03", "Price": 420.707},{"Date": "1983-04", "Price": 433.171},{"Date": "1983-05", "Price": 437.393},{"Date": "1983-06", "Price": 413.148},{"Date": "1983-07", "Price": 422.645},{"Date": "1983-08", "Price": 416.205},{"Date": "1983-09", "Price": 412.245},{"Date": "1983-10", "Price": 394.245},{"Date": "1983-11", "Price": 381.016},{"Date": "1983-12", "Price": 388.06},{"Date": "1984-01", "Price": 370.735},{"Date": "1984-02", "Price": 386.038},{"Date": "1984-03", "Price": 394.743},{"Date": "1984-04", "Price": 381.371},{"Date": "1984-05", "Price": 376.957},{"Date": "1984-06", "Price": 378.314},{"Date": "1984-07", "Price": 347.598},{"Date": "1984-08", "Price": 347.677},{"Date": "1984-09", "Price": 340.945},{"Date": "1984-10", "Price": 340.217},{"Date": "1984-11", "Price": 341.286},{"Date": "1984-12", "Price": 319.622},{"Date": "1985-01", "Price": 302.852},{"Date": "1985-02", "Price": 299.833},{"Date": "1985-03", "Price": 303.205},{"Date": "1985-04", "Price": 324.883},{"Date": "1985-05", "Price": 316.395},{"Date": "1985-06", "Price": 316.298},{"Date": "1985-07", "Price": 317.202},{"Date": "1985-08", "Price": 330.131},{"Date": "1985-09", "Price": 323.764},{"Date": "1985-10", "Price": 326.093},{"Date": "1985-11", "Price": 325.548},{"Date": "1985-12", "Price": 321.985},{"Date": "1986-01", "Price": 345.561},{"Date": "1986-02", "Price": 339.053},{"Date": "1986-03", "Price": 346.095},{"Date": "1986-04", "Price": 340.716},{"Date": "1986-05", "Price": 342.325},{"Date": "1986-06", "Price": 342.798},{"Date": "1986-07", "Price": 348.554},{"Date": "1986-08", "Price": 376.29},{"Date": "1986-09", "Price": 418.152},{"Date": "1986-10", "Price": 423.863},{"Date": "1986-11", "Price": 396.983},{"Date": "1986-12", "Price": 391.595},{"Date": "1987-01", "Price": 408.524},{"Date": "1987-02", "Price": 401.045},{"Date": "1987-03", "Price": 408.848},{"Date": "1987-04", "Price": 439.665},{"Date": "1987-05", "Price": 461.65},{"Date": "1987-06", "Price": 449.282},{"Date": "1987-07", "Price": 450.33},{"Date": "1987-08", "Price": 460.988},{"Date": "1987-09", "Price": 460.12},{"Date": "1987-10", "Price": 465.764},{"Date": "1987-11", "Price": 468.14},{"Date": "1987-12", "Price": 487.079},{"Date": "1988-01", "Price": 477.758},{"Date": "1988-02", "Price": 442.124},{"Date": "1988-03", "Price": 443.491},{"Date": "1988-04", "Price": 451.558},{"Date": "1988-05", "Price": 451.32},{"Date": "1988-06", "Price": 451.657},{"Date": "1988-07", "Price": 437.452},{"Date": "1988-08", "Price": 431.064},{"Date": "1988-09", "Price": 413.439},{"Date": "1988-10", "Price": 406.39},{"Date": "1988-11", "Price": 419.966},{"Date": "1988-12", "Price": 419.248},{"Date": "1989-01", "Price": 404.445},{"Date": "1989-02", "Price": 387.973},{"Date": "1989-03", "Price": 390.274},{"Date": "1989-04", "Price": 384.72},{"Date": "1989-05", "Price": 371.35},{"Date": "1989-06", "Price": 367.727},{"Date": "1989-07", "Price": 375.21},{"Date": "1989-08", "Price": 365.548},{"Date": "1989-09", "Price": 361.798},{"Date": "1989-10", "Price": 366.8},{"Date": "1989-11", "Price": 394.361},{"Date": "1989-12", "Price": 409.655},{"Date": "1990-01", "Price": 410.118},{"Date": "1990-02", "Price": 416.543},{"Date": "1990-03", "Price": 393.661},{"Date": "1990-04", "Price": 374.929},{"Date": "1990-05", "Price": 368.855},{"Date": "1990-06", "Price": 352.657},{"Date": "1990-07", "Price": 361.82},{"Date": "1990-08", "Price": 394.861},{"Date": "1990-09", "Price": 389.56},{"Date": "1990-10", "Price": 381.333},{"Date": "1990-11", "Price": 381.866},{"Date": "1990-12", "Price": 378.161},{"Date": "1991-01", "Price": 384.591},{"Date": "1991-02", "Price": 363.748},{"Date": "1991-03", "Price": 363.39},{"Date": "1991-04", "Price": 358.055},{"Date": "1991-05", "Price": 357.117},{"Date": "1991-06", "Price": 366.36},{"Date": "1991-07", "Price": 368.013},{"Date": "1991-08", "Price": 356.721},{"Date": "1991-09", "Price": 348.46},{"Date": "1991-10", "Price": 358.826},{"Date": "1991-11", "Price": 359.96},{"Date": "1991-12", "Price": 361.875},{"Date": "1992-01", "Price": 354.436},{"Date": "1992-02", "Price": 353.853},{"Date": "1992-03", "Price": 344.641},{"Date": "1992-04", "Price": 338.728},{"Date": "1992-05", "Price": 337.039},{"Date": "1992-06", "Price": 340.784},{"Date": "1992-07", "Price": 352.452},{"Date": "1992-08", "Price": 343.603},{"Date": "1992-09", "Price": 345.3},{"Date": "1992-10", "Price": 344.277},{"Date": "1992-11", "Price": 334.924},{"Date": "1992-12", "Price": 334.657},{"Date": "1993-01", "Price": 328.993},{"Date": "1993-02", "Price": 329.31},{"Date": "1993-03", "Price": 329.974},{"Date": "1993-04", "Price": 341.948},{"Date": "1993-05", "Price": 367.045},{"Date": "1993-06", "Price": 371.914},{"Date": "1993-07", "Price": 392.034},{"Date": "1993-08", "Price": 379.795},{"Date": "1993-09", "Price": 355.561},{"Date": "1993-10", "Price": 364.005},{"Date": "1993-11", "Price": 373.939},{"Date": "1993-12", "Price": 383.243},{"Date": "1994-01", "Price": 387.11},{"Date": "1994-02", "Price": 381.658},{"Date": "1994-03", "Price": 384.0},{"Date": "1994-04", "Price": 377.908},{"Date": "1994-05", "Price": 381.343},{"Date": "1994-06", "Price": 385.714},{"Date": "1994-07", "Price": 385.45},{"Date": "1994-08", "Price": 380.207},{"Date": "1994-09", "Price": 391.348},{"Date": "1994-10", "Price": 390.164},{"Date": "1994-11", "Price": 384.377},{"Date": "1994-12", "Price": 379.48},{"Date": "1995-01", "Price": 378.738},{"Date": "1995-02", "Price": 376.745},{"Date": "1995-03", "Price": 381.82},{"Date": "1995-04", "Price": 391.339},{"Date": "1995-05", "Price": 385.231},{"Date": "1995-06", "Price": 387.618},{"Date": "1995-07", "Price": 386.138},{"Date": "1995-08", "Price": 383.502},{"Date": "1995-09", "Price": 382.931},{"Date": "1995-10", "Price": 383.202},{"Date": "1995-11", "Price": 385.209},{"Date": "1995-12", "Price": 387.445},{"Date": "1996-01", "Price": 398.695},{"Date": "1996-02", "Price": 404.919},{"Date": "1996-03", "Price": 396.512},{"Date": "1996-04", "Price": 392.87},{"Date": "1996-05", "Price": 391.99},{"Date": "1996-06", "Price": 385.245},{"Date": "1996-07", "Price": 383.457},{"Date": "1996-08", "Price": 387.51},{"Date": "1996-09", "Price": 383.29},{"Date": "1996-10", "Price": 380.909},{"Date": "1996-11", "Price": 377.869},{"Date": "1996-12", "Price": 369.338},{"Date": "1997-01", "Price": 355.025},{"Date": "1997-02", "Price": 346.4},{"Date": "1997-03", "Price": 352.311},{"Date": "1997-04", "Price": 344.707},{"Date": "1997-05", "Price": 344.1},{"Date": "1997-06", "Price": 340.805},{"Date": "1997-07", "Price": 323.78},{"Date": "1997-08", "Price": 323.998},{"Date": "1997-09", "Price": 322.616},{"Date": "1997-10", "Price": 324.863},{"Date": "1997-11", "Price": 306.345},{"Date": "1997-12", "Price": 288.776},{"Date": "1998-01", "Price": 289.264},{"Date": "1998-02", "Price": 297.743},{"Date": "1998-03", "Price": 295.87},{"Date": "1998-04", "Price": 308.558},{"Date": "1998-05", "Price": 298.971},{"Date": "1998-06", "Price": 292.223},{"Date": "1998-07", "Price": 292.874},{"Date": "1998-08", "Price": 284.228},{"Date": "1998-09", "Price": 288.661},{"Date": "1998-10", "Price": 296.595},{"Date": "1998-11", "Price": 294.243},{"Date": "1998-12", "Price": 291.357},{"Date": "1999-01", "Price": 287.333},{"Date": "1999-02", "Price": 287.495},{"Date": "1999-03", "Price": 286.243},{"Date": "1999-04", "Price": 282.62},{"Date": "1999-05", "Price": 276.932},{"Date": "1999-06", "Price": 261.402},{"Date": "1999-07", "Price": 256.198},{"Date": "1999-08", "Price": 256.936},{"Date": "1999-09", "Price": 264.47},{"Date": "1999-10", "Price": 311.562},{"Date": "1999-11", "Price": 293.65},{"Date": "1999-12", "Price": 283.743},{"Date": "2000-01", "Price": 284.59},{"Date": "2000-02", "Price": 300.855},{"Date": "2000-03", "Price": 286.704},{"Date": "2000-04", "Price": 279.961},{"Date": "2000-05", "Price": 275.293},{"Date": "2000-06", "Price": 285.368},{"Date": "2000-07", "Price": 282.152},{"Date": "2000-08", "Price": 274.523},{"Date": "2000-09", "Price": 273.676},{"Date": "2000-10", "Price": 270.405},{"Date": "2000-11", "Price": 265.989},{"Date": "2000-12", "Price": 271.892},{"Date": "2001-01", "Price": 265.934},{"Date": "2001-02", "Price": 262.018},{"Date": "2001-03", "Price": 263.273},{"Date": "2001-04", "Price": 260.75},{"Date": "2001-05", "Price": 272.057},{"Date": "2001-06", "Price": 270.738},{"Date": "2001-07", "Price": 267.707},{"Date": "2001-08", "Price": 272.657},{"Date": "2001-09", "Price": 282.478},{"Date": "2001-10", "Price": 283.322},{"Date": "2001-11", "Price": 276.248},{"Date": "2001-12", "Price": 275.992},{"Date": "2002-01", "Price": 281.764},{"Date": "2002-02", "Price": 295.683},{"Date": "2002-03", "Price": 294.353},{"Date": "2002-04", "Price": 302.862},{"Date": "2002-05", "Price": 314.48},{"Date": "2002-06", "Price": 321.536},{"Date": "2002-07", "Price": 313.567},{"Date": "2002-08", "Price": 310.045},{"Date": "2002-09", "Price": 318.8},{"Date": "2002-10", "Price": 316.748},{"Date": "2002-11", "Price": 319.255},{"Date": "2002-12", "Price": 333.3},{"Date": "2003-01", "Price": 356.864},{"Date": "2003-02", "Price": 359.575},{"Date": "2003-03", "Price": 341.564},{"Date": "2003-04", "Price": 328.208},{"Date": "2003-05", "Price": 355.405},{"Date": "2003-06", "Price": 356.912},{"Date": "2003-07", "Price": 350.765},{"Date": "2003-08", "Price": 358.993},{"Date": "2003-09", "Price": 378.859},{"Date": "2003-10", "Price": 379.093},{"Date": "2003-11", "Price": 390.2},{"Date": "2003-12", "Price": 407.674},{"Date": "2004-01", "Price": 414.495},{"Date": "2004-02", "Price": 404.73},{"Date": "2004-03", "Price": 405.976},{"Date": "2004-04", "Price": 404.85},{"Date": "2004-05", "Price": 383.953},{"Date": "2004-06", "Price": 391.78},{"Date": "2004-07", "Price": 398.441},{"Date": "2004-08", "Price": 400.133},{"Date": "2004-09", "Price": 405.402},{"Date": "2004-10", "Price": 420.21},{"Date": "2004-11", "Price": 439.059},{"Date": "2004-12", "Price": 442.974},{"Date": "2005-01", "Price": 424.08},{"Date": "2005-02", "Price": 423.43},{"Date": "2005-03", "Price": 434.355},{"Date": "2005-04", "Price": 429.14},{"Date": "2005-05", "Price": 422.903},{"Date": "2005-06", "Price": 430.302},{"Date": "2005-07", "Price": 424.745},{"Date": "2005-08", "Price": 437.773},{"Date": "2005-09", "Price": 455.936},{"Date": "2005-10", "Price": 470.107},{"Date": "2005-11", "Price": 476.668},{"Date": "2005-12", "Price": 509.423},{"Date": "2006-01", "Price": 549.433},{"Date": "2006-02", "Price": 555.518},{"Date": "2006-03", "Price": 557.215},{"Date": "2006-04", "Price": 611.853},{"Date": "2006-05", "Price": 676.769},{"Date": "2006-06", "Price": 597.898},{"Date": "2006-07", "Price": 633.093},{"Date": "2006-08", "Price": 631.557},{"Date": "2006-09", "Price": 600.15},{"Date": "2006-10", "Price": 586.648},{"Date": "2006-11", "Price": 626.825},{"Date": "2006-12", "Price": 629.513},{"Date": "2007-01", "Price": 630.352},{"Date": "2007-02", "Price": 665.103},{"Date": "2007-03", "Price": 655.891},{"Date": "2007-04", "Price": 680.008},{"Date": "2007-05", "Price": 668.31},{"Date": "2007-06", "Price": 655.714},{"Date": "2007-07", "Price": 665.266},{"Date": "2007-08", "Price": 664.53},{"Date": "2007-09", "Price": 710.645},{"Date": "2007-10", "Price": 754.48},{"Date": "2007-11", "Price": 808.311},{"Date": "2007-12", "Price": 803.618},{"Date": "2008-01", "Price": 887.784},{"Date": "2008-02", "Price": 924.283},{"Date": "2008-03", "Price": 971.055},{"Date": "2008-04", "Price": 911.6},{"Date": "2008-05", "Price": 889.125},{"Date": "2008-06", "Price": 889.536},{"Date": "2008-07", "Price": 941.167},{"Date": "2008-08", "Price": 840.388},{"Date": "2008-09", "Price": 824.92},{"Date": "2008-10", "Price": 812.815},{"Date": "2008-11", "Price": 757.85},{"Date": "2008-12", "Price": 819.94},{"Date": "2009-01", "Price": 857.726},{"Date": "2009-02", "Price": 939.763},{"Date": "2009-03", "Price": 925.989},{"Date": "2009-04", "Price": 892.663},{"Date": "2009-05", "Price": 926.855},{"Date": "2009-06", "Price": 947.807},{"Date": "2009-07", "Price": 934.272},{"Date": "2009-08", "Price": 949.5},{"Date": "2009-09", "Price": 996.443},{"Date": "2009-10", "Price": 1043.511},{"Date": "2009-11", "Price": 1126.119},{"Date": "2009-12", "Price": 1135.012},{"Date": "2010-01", "Price": 1119.575},{"Date": "2010-02", "Price": 1095.8},{"Date": "2010-03", "Price": 1115.554},{"Date": "2010-04", "Price": 1148.475},{"Date": "2010-05", "Price": 1204.321},{"Date": "2010-06", "Price": 1232.382},{"Date": "2010-07", "Price": 1196.0},{"Date": "2010-08", "Price": 1213.464},{"Date": "2010-09", "Price": 1271.461},{"Date": "2010-10", "Price": 1343.19},{"Date": "2010-11", "Price": 1371.784},{"Date": "2010-12", "Price": 1393.512},{"Date": "2011-01", "Price": 1360.475},{"Date": "2011-02", "Price": 1371.313},{"Date": "2011-03", "Price": 1422.848},{"Date": "2011-04", "Price": 1474.431},{"Date": "2011-05", "Price": 1512.188},{"Date": "2011-06", "Price": 1528.38},{"Date": "2011-07", "Price": 1568.526},{"Date": "2011-08", "Price": 1759.5},{"Date": "2011-09", "Price": 1780.648},{"Date": "2011-10", "Price": 1667.893},{"Date": "2011-11", "Price": 1735.977},{"Date": "2011-12", "Price": 1652.725},{"Date": "2012-01", "Price": 1656.095},{"Date": "2012-02", "Price": 1743.095},{"Date": "2012-03", "Price": 1675.057},{"Date": "2012-04", "Price": 1648.539},{"Date": "2012-05", "Price": 1585.114},{"Date": "2012-06", "Price": 1595.632},{"Date": "2012-07", "Price": 1592.784},{"Date": "2012-08", "Price": 1625.682},{"Date": "2012-09", "Price": 1741.925},{"Date": "2012-10", "Price": 1746.348},{"Date": "2012-11", "Price": 1724.352},{"Date": "2012-12", "Price": 1687.342},{"Date": "2013-01", "Price": 1671.886},{"Date": "2013-02", "Price": 1630.688},{"Date": "2013-03", "Price": 1591.013},{"Date": "2013-04", "Price": 1485.905},{"Date": "2013-05", "Price": 1416.143},{"Date": "2013-06", "Price": 1342.7},{"Date": "2013-07", "Price": 1284.348},{"Date": "2013-08", "Price": 1345.048},{"Date": "2013-09", "Price": 1348.464},{"Date": "2013-10", "Price": 1314.402},{"Date": "2013-11", "Price": 1277.417},{"Date": "2013-12", "Price": 1221.588},{"Date": "2014-01", "Price": 1243.068},{"Date": "2014-02", "Price": 1298.713},{"Date": "2014-03", "Price": 1336.56},{"Date": "2014-04", "Price": 1299.175},{"Date": "2014-05", "Price": 1288.913},{"Date": "2014-06", "Price": 1277.857},{"Date": "2014-07", "Price": 1312.989},{"Date": "2014-08", "Price": 1297.005},{"Date": "2014-09", "Price": 1241.33},{"Date": "2014-10", "Price": 1223.565},{"Date": "2014-11", "Price": 1176.413},{"Date": "2014-12", "Price": 1200.44},{"Date": "2015-01", "Price": 1249.333},{"Date": "2015-02", "Price": 1231.1},{"Date": "2015-03", "Price": 1180.636},{"Date": "2015-04", "Price": 1198.253},{"Date": "2015-05", "Price": 1197.684},{"Date": "2015-06", "Price": 1182.248},{"Date": "2015-07", "Price": 1131.58},{"Date": "2015-08", "Price": 1117.525},{"Date": "2015-09", "Price": 1124.905},{"Date": "2015-10", "Price": 1157.123},{"Date": "2015-11", "Price": 1088.388},{"Date": "2015-12", "Price": 1068.317},{"Date": "2016-01", "Price": 1095.655},{"Date": "2016-02", "Price": 1194.893},{"Date": "2016-03", "Price": 1246.312},{"Date": "2016-04", "Price": 1241.452},{"Date": "2016-05", "Price": 1259.755},{"Date": "2016-06", "Price": 1273.58},{"Date": "2016-07", "Price": 1337.429},{"Date": "2016-08", "Price": 1340.861},{"Date": "2016-09", "Price": 1326.618},{"Date": "2016-10", "Price": 1268.929},{"Date": "2016-11", "Price": 1240.293},{"Date": "2016-12", "Price": 1152.165},{"Date": "2017-01", "Price": 1192.648},{"Date": "2017-02", "Price": 1233.39},{"Date": "2017-03", "Price": 1231.063},{"Date": "2017-04", "Price": 1267.15},{"Date": "2017-05", "Price": 1245.25},{"Date": "2017-06", "Price": 1261.277},{"Date": "2017-07", "Price": 1235.1},{"Date": "2017-08", "Price": 1281.72},{"Date": "2017-09", "Price": 1317.045},{"Date": "2017-10", "Price": 1280.677},{"Date": "2017-11", "Price": 1283.189},{"Date": "2017-12", "Price": 1265.674},{"Date": "2018-01", "Price": 1332.809},{"Date": "2018-02", "Price": 1333.775},{"Date": "2018-03", "Price": 1325.562},{"Date": "2018-04", "Price": 1335.332},{"Date": "2018-05", "Price": 1303.618},{"Date": "2018-06", "Price": 1282.126},{"Date": "2018-07", "Price": 1238.064},{"Date": "2018-08", "Price": 1201.859},{"Date": "2018-09", "Price": 1199.198},{"Date": "2018-10", "Price": 1214.726},{"Date": "2018-11", "Price": 1221.275},{"Date": "2018-12", "Price": 1249.887},{"Date": "2019-01", "Price": 1291.63},{"Date": "2019-02", "Price": 1319.755},{"Date": "2019-03", "Price": 1302.286},{"Date": "2019-04", "Price": 1287.65},{"Date": "2019-05", "Price": 1282.46},{"Date": "2019-06", "Price": 1358.488},{"Date": "2019-07", "Price": 1414.611},{"Date": "2019-08", "Price": 1497.102},{"Date": "2019-09", "Price": 1510.336},{"Date": "2019-10", "Price": 1494.765},{"Date": "2019-11", "Price": 1471.921},{"Date": "2019-12", "Price": 1480.025},{"Date": "2020-01", "Price": 1560.668},{"Date": "2020-02", "Price": 1598.818},{"Date": "2020-03", "Price": 1593.764}]